0.5,0.7837618191974605,0.7999238220786319,0.9348633542233964,0.9174013028878686,1.0643573838879876,1.5232515877440975,1.1537088880807085,1.3515923927514024,1.0033479373151473,1.3663139915696862,0.8184255059318181,1.1016192872003732,1.0236350508151084,1.1895542056938204,0.9918772703730635,1.0805996160604991,0.8103054214388051,0.6768386329741432,1.2322494953294914,0.9704810608709057,1.2939342638934186,0.8680437245740785,1.1121311776175098,0.959112526090255,1.0928216501491428,1.0091537445863754,1.0434661915757375,0.986478384844986,0.629399108908071,0.8362065362981083,0.8664219256160122,0.9151298729142348,1.0235900703431307,1.0649064351552766,0.9021354727701014,1.2036004307712893,0.9350560364071743,0.9371724632299255,0.8197169683291933,1.0470057376888746
0.0,0.8242170506401353,1.001887605677856,0.7758791476035575,0.8223835599573318,1.3344087916655467,0.9738340278111469,0.8888072596385628,1.0349834430163685,0.8500357849247362,0.9299476901815982,1.3487654498966577,1.0006680090665832,0.9488463397053932,0.910194433721508,0.6309472669764361,0.6512941390414174,0.992606343870613,0.9744042393408558,0.9667575804229243,0.8778109364423685,1.2400738935145617,0.47330640712320954,0.8620257123947594,0.685465924867728,0.9196697594588329,1.107401928567932,0.7920114344908756,0.8933349267296913,0.6901369888715039,0.802848022146314,0.807883305371517,0.9735218594930879,0.7741120342259856,0.6508207755172788,0.9918387243581517,1.0590662268834,1.2538477022479249,0.5860264988074938,0.8440583595420964,0.8060960522364099
0.0,0.7391588005274828,0.8249734355158409,1.2772017498841892,0.8157994255931457,0.8146331572147975,0.8682491915242224,1.2181193903770244,1.319808047520383,1.0670341759495088,1.2255809299522644,0.8712663005518977,0.7320823688130068,0.800744185795707,0.676750416265021,0.7124072025462146,1.0148476124261343,0.7973087230827991,0.904234401102494,1.148612192498226,0.9184685351740762,0.7895530671238097,0.8494346771951407,0.6940885602433422,0.8426318782029614,0.8735191162107316,1.2145190862325201,0.8935842086879454,0.7441918376945706,1.0444483498048736,0.895441835050586,0.8946428081725498,0.8843114323982776,0.9164238596797531,0.8226912215364008,0.6959224160231684,1.0496759177336437,0.7941498051113866,0.8440544847193726,0.9463774165734783
0.5,1.3425671825110441,1.3819529188190083,1.0258915720078268,1.1145861496897713,1.1346819899077372,0.9195298465939282,1.0275382208321364,1.2392044198475094,1.0441945000424027,1.215901108328899,1.091601804622582,1.245344598087571,1.0769761618609066,1.5574047105087967,0.8366127008989734,0.7771368903620279,1.114689894438635,0.8486269838440276,1.3737783759202542,0.9051694387905715,0.9317389414327499,1.1494610755825985,0.9380825370113942,0.9736510610504183,0.933123509720241,1.119045099526852,1.3025736233210148,1.6538213723306487,0.9505419072809453,0.8783009064200865,1.0281683576361007,1.4434665331983259,1.4806353384240765,1.5233023545644073,1.0264797968014576,1.2652814663877392,1.2898672100769613,1.5097956375250157,1.1873276796725216,1.15819643743494
0.0,0.8302138900138422,1.144615514486248,0.9176333655570236,0.842095487344736,0.7747279006805248,0.4552868954624093,0.773587715315729,1.0802540992814273,1.1853056045671126,0.8954947024189224,0.7022857012435534,0.9212224811803125,0.9374768681297831,0.7823642456184045,0.867411272325903,0.8192826010706129,0.8096697805486116,0.7219830291358087,0.7412721514632906,1.1534983618318546,1.0714098619069872,1.1919798394956247,0.842954691932748,0.9533735516894054,1.1532539218082094,1.1256459285241454,0.840143575301664,1.2023601561759283,0.9849244917354099,0.824758373099032,0.8164642252056019,0.8562938984553667,1.014188285135012,1.0148006699455856,0.667781577497818,1.179607763744989,1.3486139767914733,1.3382291187187805,1.0227288974122761,0.7925838255659617
0.5,1.192963443777754,1.095179363754572,1.1652893884874065,1.0232718669473369,1.0614541293252895,1.052049316570964,1.415476074091381,1.604842525711171,0.932989204918174,1.2402860590986493,1.1640564932856983,1.2337768083782101,0.7422096428241414,1.109465811461301,0.8451224797235242,1.2112255118126807,0.8893926966336837,0.8896819144869345,1.0379713221897646,0.9099372232888729,1.1210116124087157,1.3063118149801098,1.3437341301615442,0.7894330968050443,0.9539993507500492,0.8110300122694218,1.4778187553370576,1.336195381816165,1.1494698405735426,0.8356019661852301,1.5691338536285537,1.2202852892656,1.2294821666904752,0.9557601032574702,1.41607102722956,0.9306528549132617,0.663423039262187,1.1522517271612907,1.0994313381452798,1.1061125809842225
0.0,1.2412193339455257,0.9433866322161268,1.1096475908943355,1.2682350042842887,0.7902017282462414,1.0883195846001887,0.7769562811175558,0.9169623727289934,0.5764833827446947,0.919778232660766,0.8798441005034208,0.8939685779794627,0.767726127833588,0.9279560225182336,0.772427160262018,0.8684276189220338,0.6262199317652477,0.9103895703629256,0.856386546652401,0.6361555098866789,1.111005157273385,0.5316290086071469,0.876756601645447,0.892864139132212,1.1737979774873453,0.976941611140526,0.6430716449235003,1.0300005262269867,0.791723193311442,0.8981093605124417,0.8910156441043778,0.7862505044061319,1.1232670355961474,1.0145093829498664,1.1574817610881496,1.107762346513607,0.9648068567843872,0.9705807718426033,1.166577066270349
0.5,1.0629362685350348,1.156985038396021,1.0798157215481732,1.28381421031599,1.0955785898363504,0.8712774922631269,1.0926073775250822,1.1197376533567696,1.1860413014475168,1.0969103638726956,1.3478680157410492,0.9911350860269286,1.0240874395921329,1.0581507639684704,0.948542587933782,1.0683881032059843,1.0232399517579802,1.0320092936945162,1.3939887515489304,1.3531241442417203,1.1350366703200914,0.8454999989551575,1.0502174296290987,1.0807307206573342,1.3425448055775342,1.4021366470488612,1.0505886600691934,1.0020606603096402,1.3568712223758912,0.9653308846667954,0.792241714488909,0.8169599285412228,1.0298609573766053,1.3056467612639036,0.9648192276684268,1.0036126226057616,0.9511942046331541,0.9613460358546874,1.3375640570656118
0.0,0.9848477988799103,0.8455147931063001,0.8208451498553008,0.9264391709115836,1.286406501432248,1.3895875147543941,0.9573725021430703,0.9217001244098434,0.7700878873844674,0.8792747290665875,0.7617627243824237,0.8089887329171661,0.8819278127202069,1.0231091996678494,1.0232933496917986,0.8409962657152034,0.9750578150765957,1.0607816179330372,0.9208461496829444,0.560222840251983,0.997384328597763,0.8630626219801432,0.8290613794935212,0.9556528385553278,0.970319491028678,1.0217548339145475,0.8626093695083832,1.2589313664325743,0.7674641543842415,1.0551031111064648,1.2358659662845584,1.0668566284487908,1.127470772223397,0.9492528144746101,0.9386292837125724,0.6407253967440855,0.8584737943380624,0.8285317432691713,1.1372277007086193,0.8564961804347906
0.5,0.8928878576607197,0.9364329375322419,1.090593103344866,1.2405276456315664,1.1364333726741473,0.9630528115268582,0.9583747974152556,1.1219858550068549,1.1234998090807968,0.8021357725807571,0.8085595634655827,1.0737086436603758,0.8758099390503117,1.2184959458601923,1.3095841953950564,1.1417044868731185,1.2907527704520891,0.9426904465190156,1.0453156628866864,0.9207098470904416,1.058882750542494,1.1715224065420087,1.6105120053546225,1.3339917588173815,1.4215478160668145,0.9305367288772454,1.1791705465513902,0.8920641156287444,0.7791135385115813,0.7083607716905888,1.4018628234251742,1.1791368232848485,1.0351680859890724,1.2369418755620198,1.411942985011043,1.2565713265348268,0.7856387119680258,1.3281686935599941,1.2237518754393992
0.5,0.914691611964899,0.8553042642464715,0.9334680228582353,1.2324996842428946,1.1968911396301904,0.8500763432918541,1.596086350128423,1.1371336483343906,0.7921626652170275,1.067374576895254,0.9616552965803196,0.7891903675658932,1.0890836901781396,0.8625073367641903,1.0361581133754822,1.010065935709012,1.0962128881381308,0.9661667308274892,0.7585066300086969,1.3932235050481814,1.3754634201924125,0.9213034518978674,0.8216507584881383,1.0895151477918166,1.4981739661790885,1.1456743530339886,0.994418686514412,0.7907574507450513,0.69886109901078,0.9978571058259958,0.9827385356277186,0.9875911499370942,1.2331485663717505,1.4003927627532602,1.2232702895047984,1.2268057071845893,1.0501160007201111,1.021771221251908,0.941201654145492,1.0488594429508051
0.0,1.1534599730729664,1.3825886360019828,0.7516931870357318,0.7918817091098003,0.8408172929581552,0.6977331259996902,0.9903572429233887,0.7632018971045985,0.9136639927686946,0.9911122362129026,0.9748607080834234,0.7546053483941682,0.9911871750595879,1.0840338919456833,0.7454921960324458,1.184786370731816,0.8821190516810781,0.8016186175698985,1.195963298591965,0.822331305856283,0.9327717218446645,0.726647346529135,0.8034149655816957,0.7768094061368153,0.7999864845780778,0.7962950450013578,0.9027575095883407,1.3742589506763614,1.1159319528448162,1.1048210607313163,0.924834709388207,1.1574785757807728,1.4709199932803658,1.0017671630094085,1.0021740970765318,1.0441831119091307,1.2946905816995826,1.165414488967824
0.0,0.6749994253995766,0.8630502099789417,1.0550264957945086,0.794384195461477,0.7331541721860103,1.1505635086947352,0.9315273940994695,0.8743399264598629,0.916309004902209,1.022595816004604,0.9898580264318793,0.8274040638764864,0.804239888707047,0.8085314404404024,0.7597143412840055,0.9298562147621068,1.0206147368202867,0.6886261595833042,1.1746611560780076,1.2277286916866816,0.891969966242501,0.9090999206358941,0.9861697082701946,1.0814919491976764,0.9909019132637459,1.2013741178850745,0.9365536137750666,0.8676622148546325,1.12731371295993,0.9326691793326769,0.7525264262885719,0.7448007502909627,0.772211875441567,0.7636427968513311,1.0211428371418563,0.9873175181976083,0.8264977839991827,1.0123770665462815,0.7749692689171264,0.9038077451911108
0.0,1.0096784539599528,0.7473992474942799,1.2232451170568055,1.103656415972916,0.8364913047640922,1.0252153074048553,0.7389580536472927,0.751257800215086,0.9588854581877048,0.7673729792860557,0.7462373928784357,0.576000399631754,0.8801767170504425,0.8258339164214994,0.6717942090411024,0.5868761654733435,0.7976859074757222,0.746198450692136,0.7338906172691522,1.0058155497935102,0.8990283524591606,1.1882095016975232,1.1036006243050822,0.7683088075954044,0.582741795317747,0.7913099183515996,1.1222455730091636,1.2242023676119416,1.1348645293657178,0.7754718006425603,1.0717684571825254,0.6800825989552696,0.961104727190936,1.0658886328976687,0.8186886961649965,0.8734350926265887,0.8194716570569649,1.1434634215956798,1.0426776605521737
0.5,0.843424504599784,0.7306924958433837,1.3218927841365633,1.156937601205749,0.8639121107439209,0.8642810064598724,0.8848250805463488,1.2615401269883968,1.219060644571939,0.9462374620574904,1.0909152896853898,0.9006884555275501,0.9254063037687049,1.3447061306730153,1.0684264428735881,1.1175934459055334,0.8254380796167212,1.0212347879386954,1.3433665358146918,0.969145507661309,0.982172859637859,0.9675118836637493,1.2492585631519493,1.172142142963825,1.0058100989080034,1.0563999182939983,0.8698338498565771,1.2341391112087026,1.5099845089815862,0.9379463181800176,1.0403209152538564,1.6237453971771714,1.182271165674696,1.1398452729487274,0.9748457117059572,0.9724252608222299,1.26627290996707,1.1556452610991743,1.3315111427085629,1.5264362532327909
0.5,1.494641349560647,1.0094907176836165,1.4122553347284936,1.5669091437437193,1.2597194869223576,1.122444211216672,1.3835647919671632,1.0814749312325203,1.041909224279927,0.9480975825023471,1.3745073752310615,1.1530639195268892,0.9694501643814536,1.3664011508656568,0.9654892727711747,1.301206886560031,0.7687061466694265,0.8801791312582518,0.9396098914355195,0.9993415601456268,1.2129279367832384,0.9710451083427409,0.8956680379022592,1.0131837188115742,1.296547740284244,0.9792971646194314,0.9826896955923936,1.0008232440060096,1.3007379908573682,0.8538322530687742,0.8487515708949529,1.3765287743394645,1.0197059970653404,1.3183379093165997,1.1242389853451074,0.8122168064203286,1.173893633078983,0.8877787941229356
0.5,1.0876228656130753,0.9129215405689762,0.8780308332148682,0.8684450649159088,0.9059363695023744,0.9004668057503179,1.2705644007498846,1.0114470742035584,0.7953067906306244,0.971413283612795,1.1849607124764463,1.0383658074546627,0.7405171482674484,1.0970748733525588,0.8393414428990653,0.9663402060836581,1.514598196790011,0.8587912561656804,0.7567709939779337,1.0297499693837409,0.9951089837744319,1.6647806813303503,0.8874211055561804,1.0120193944936127,1.0274666455841046,1.153489297508996,0.7106638760237686,1.3150533341452213,1.223640407515809,1.1498529280843837,0.8372191823067685,1.1451153839909738,0.7640018214294205,0.8884072186331851,0.9536884684909893,1.3145650837363128,1.2894814249367852,1.2325077012842136,1.0995241496147732,1.2468238020282152,1.3657917398101214,0.8483964894188836,0.9415788802497714,0.9117199023400514,0.99194779357255,1.2328217521532794,1.2164205568574682,1.0395355171540126,1.2834407164732744,1.4115289924574683,1.3855943931756405,1.0698909437751656,1.070941308073267,1.1330167024667648,0.9655547287488673,1.0437685410175863,1.0850061843931182,0.8787685066675752,0.7618721077698561,1.0671787622733702,1.3886346681461788,1.1081474735298515,0.9615555103437865,0.8441095010826759,0.8531618634892997,1.201728408258625,0.8403750394147015,1.0114115667572936,0.7638054404117967,1.2701621119297335,1.2071757475361635,1.2551570294855434,1.0937762091820564,1.0843144051627462,1.08169090755284,1.1320038053293808,0.9355581695137081,1.2179332202454376
0.0,0.9239629831704744,0.9746747486896382,0.720959043318251,0.8299957476597326,1.082856587581188,1.252261595059107,0.8205735553260514,0.7804749882773827,0.6862441763940198,1.4380871454173687,0.7553282896825789,0.9498770039420082,0.9467411421846306,0.8936371355300309,0.8456092565530168,0.5703392599692847,0.9826435850894026,0.7000799087000121,0.9195304980308825,0.9562268254221549,0.7722843825634366,0.7833151067109905,1.1258231619687826,0.8750383050769706,0.8687089025722825,0.8772114580421122,1.1025508254031593,1.044537597376913,0.8656464679185757,0.7948620691881553,1.0922535370453605,0.9717482162388374,1.3754022419986467,1.2758161035537388,1.3282980843072534,0.7791149079838904,1.007523829309067,0.7433505702079809,1.1014499382524434,1.1252896526335994,1.060786529204792,0.9075048581251135,0.8587155823990259,0.8154012850921389,0.6830209967041947,0.6995725198531527,1.2967284739632106,1.285958962643768,0.7063724422619783,0.9577928986436831,1.0282580211727768,0.9805873535165047,1.263287480927465,1.0263830876358497,0.707027770966775,0.6219232038169045,0.8241813594158046,0.7723474254471134,1.0067331428290174,1.2256051500735434,1.1398934389943765,0.6794793035689859,0.7314959671610054,0.966747796997675,0.7214277215785243,0.7225499020974568,0.6419352436363269,0.782430905724782,0.9100789767039696,0.9840669865206155,0.9505136097880089,1.2983111065390103,1.2339110927872392,1.0878199274837295,0.9063831566641106,1.1138380817368425
0.0,0.8965021264011837,0.6836134132831111,0.8398794712947254,0.8199111475370738,0.8715235862984558,0.9562870552392331,1.0136496518574962,0.6857759053654338,1.0849135403025127,0.8062221323083781,0.7062056651400084,0.956954820189036,0.6813682001333118,0.7594662425946969,0.8734413464453786,1.07678944681734,0.9907293407522093,0.7153304270693568,0.9348423604184284,0.7496047396013177,0.9884278588846152,0.64116841303461,0.8924502703520608,0.6163636406295505,0.8677796535210012,0.7456842138971544,0.7493290047956168,0.9435852028756634,0.5996527828173249,0.7242242171299341,0.7872344386931572,0.7934360879855209,0.898667042729597,0.9803580527846969,0.9864873363992381,0.9962935134196763,0.9143946012607556,0.7473767568419216,1.0061764135429683,0.7938183465426194,0.8129065653984255,1.1063929557382173,0.8589946310909476,0.7676784922379855,0.6345477301035524,0.8299886946556956,1.2388636445103434,0.8277924482240259,0.9509289926429068,1.0801532654926398,1.2829460475903958,1.076985950912024,0.9445344551365157,1.0442164398103537,1.0292572703340632,0.8886701440354712,0.8379013753241144,0.7106060854546511,1.2372502273663433,0.7347732575305279,0.5354410824676391,0.9805141584978029,0.8849518718298726,0.6886881454827813,1.1362989009826443,0.9462457182524302,1.1264679804457711,0.7994412365227948,0.8713609577569809,1.1188167235253075,0.8000599777664026,1.1072539952078053,0.8740142689839442,1.309353713648795,1.1668224759462809,1.0778633481565938,0.8015963018787414,0.7837359662138667,0.9327550893533995,0.6256734307404375
0.5,1.3220235620852343,0.9857564044389762,1.0857739218223221,0.9478232955488313,0.8941114825086846,0.8899086191780835,0.794570291699333,0.7953805405908072,1.1843759848173117,1.3523931249409515,1.282642929235184,1.1343999157098172,0.935109179602865,1.1098662309240943,0.9302826306293754,0.874058797255489,1.2697877251448353,0.9499075204889427,1.1357724722483262,0.9033415227068602,1.0073339950873565,1.0981593278957675,0.9902303309508761,1.0275045348492822,1.264062722024476,1.1197546880421938,1.1525293226810802,1.3973997708698263,0.9638625708107202,1.1180680812540562,0.947978871516784,0.7790940394805207,0.7125349429901192,1.1182030333145108,1.0708991524408669,1.49547401909144,1.1601608472686922,1.0002633862727703,1.0681336970866597,1.3106174891995106,0.8647011663027055,0.8275623265671073,1.0519376198765529,1.0126305435572647,1.1536801846169786,1.0889833040203203,1.0849629310153917,0.8823599412262383,1.0694163712263256,1.1758652384125425,1.3016435486477285,1.446483251821,1.3159276498865944,1.1348603097703818,1.1018112616720128,1.1702507694256654,0.7994300329239413,1.0240079227345475,1.0213837183260157,1.3243987129402226,1.4056995597981476,1.0297501098365103,1.2508123308900099,1.3779004159843082,1.1686355546067198,1.0706374053416143,1.0422774425110142,1.3742698742991373,0.8750199287199564,0.9892913010653407,0.9396815068556558,0.9249322713247826,0.957553072418344,0.996068954121648,0.805699662023853,0.8985673507239709,1.0830330343650858,1.2373913960220169,1.2673823514243725,0.9193049535543839
0.0,0.8039111124346772,0.7531294483494455,0.7967719750781418,0.9122203337599053,0.8512032072205741,0.9913452816576109,1.2929687247955384,0.9884352017092035,0.803632514995005,0.9268329315735034,1.2580198560873013,0.9515265132423676,0.9560347901903185,0.8395062903109889,0.8641887661279767,0.9372939196265888,1.0667297661393973,1.1343636104711214,0.9168227465504437,1.035435576215416,1.1704557115839327,1.266877536538447,0.9092647734525957,0.9061626230483885,1.3078381924002633,1.0360339155119278,1.0102820507214194,0.8170357428648856,0.6353765931535885,0.6052293841185866,0.8819387425830406,1.0451761248288887,0.8744766620525378,0.909859412526496,1.0092758442791987,0.8249184489058687,0.7516142457501112,0.7224853201870631,0.8510888207596117,0.6427930329407252,0.9104789525570691,1.2940185025696929,1.0589760121375908,0.8743476759775023,0.918601496825,0.8087289022306822,0.8355372730252932,0.6479495503408463,0.7651969484879682,1.1360978066006204,1.1794095531716335,1.3553025663869862,1.2071058692714696,1.1723137849911318,0.7457219016975413,0.7183598703065293,0.7834316485505032,1.2676298321374198,1.2661041197249139,1.0037078546230143,1.1010320801659037,0.8932948049039725,0.7519426911533529,0.6810067661369585,0.724451864798464,0.8343693320001779,1.1062117116996715,1.2275297094968212,0.8670643453158822,0.8156099532547931,1.2047317694164255,0.7237354828301034,0.7481455065274742,0.6835580101826958,0.9258294337641609,0.7970295129489778,0.7936726722658091,0.6594608040749331
0.5,1.04195383815288,1.009504370707624,1.244620286542564,0.9140040233124083,1.0818233458611877,1.0338702703454274,0.9552701448040648,0.8982402262481676,1.1954058512922345,0.8838738435998309,1.052070597393003,0.775181151453832,1.07134357777919,1.0701403417062816,0.9902227518873425,1.1389100569380208,1.012692977327379,1.1093956575209074,0.8764434711108842,1.1607714603171126,1.4930881876016617,0.9488555449804166,1.1171718588534802,0.7536406709018842,1.1166422843224548,1.189916697913799,0.7763616161353835,0.6841718824385324,1.0167674016493047,1.3239758230491958,1.2855410695522524,1.3959844354002515,1.6127765836109638,1.161403795207489,0.9144575388879861,0.8904464732149118,1.33932974500866,1.1982050547781045,1.0921488228762866,1.4423755538521303,1.5968490990046775,1.3348048037027194,1.2414444324733953,1.0553123043697812,0.941325743457165,0.8202695064014724,1.1009207019861704,1.1824731120695207,1.177588908840488,1.2238102350784346,1.0103989804404427,0.8118258835415432,0.8466723895103175,0.8024260268570403,1.0606482499682757,1.2770614228200747,1.0814406651298551,1.0894813212872767,1.1744050116256852,0.8919991990069095,0.9602930576646359,1.3780774959619446,0.8132676968714126,0.8787733997655446,0.8864509357717083,0.8107939734889343,0.9031500902445732,0.9671487930059939,1.071424909160061,1.1669033196653331,0.7628293391512715,0.9525857884257153,0.9456801985085602,1.1387391468189514,0.9173450178631857,1.1618995596093011,1.217215048617183,0.8214543710623458,0.9841845081169495,0.837303733635999
0.5,0.8052571370970348,0.8675542458941385,0.9772028592124739,1.4408549540104167,0.9650348577639836,0.8115509355093177,1.226520791142489,0.9602833984947778,0.8548662197057303,0.9021539566221057,0.8673746982449471,0.8579517415297213,1.0407678401367162,1.2820777709100253,1.1589633114490192,0.8013549286447519,0.7983305235877384,1.1670265489932548,0.7803003422377587,0.7210519120337028,0.8089387930376468,1.4641877456675694,1.3242822891382855,1.5392492796428796,0.7848804946123156,0.7415093186550281,1.004669902122623,0.9116270232061227,1.2026405959565971,1.2650053765168643,0.9856246036189337,0.5980956320729425,1.1897658601993073,0.8821631376967242,0.9312213432274097,0.8519753995839099,1.172890007629395,1.238551015593039,1.061506872034495,0.6782473301067476,0.9105663213451431,0.8873079996592316,1.4295959742959627,0.7371129249762808,0.8659236614022792,0.8631164146844351,1.0781873214163686,1.1379366512405311,0.8740974981600387,0.8483214591524557,1.055141437628934,0.8489802918589106,1.0023555591561462,0.9170747377577516,0.911051294225643,0.7368422914510808,0.6297597391729488,0.9751560192344502,0.831910265881393,1.216790959142514,1.5322106273443663,1.3811654468063266,1.2103605400865844,1.2224853291159314,1.1729671115934943,0.9436761138997614,0.9211261784278921,0.8877189884809408,0.9634403234659643,1.371690155795289,1.1306660618051545,0.9189465943634159,1.1281271922084604,1.4918980590058537,1.2066633446432313,0.9074516812689682,0.8254432271318342,1.1401567184053518,1.0745018728076938,1.036904048888777
0.0,0.9732306942068394,1.083017294364368,0.8264704214367206,0.713875639040476,0.6492203541192051,0.4822981329536812,0.7421252036274634,1.0312220244716708,0.9190630919093428,1.0259395893483552,0.8831020808723562,0.7555585839529805,1.0914957293521197,0.874745032811659,0.7931159331735074,0.7490163260992597,1.1475585309890253,1.0015842878202794,0.7194931735048333,0.7985527903547469,0.6911359221220255,0.7574666458209381,1.1796083484075528,1.2836655529926393,0.6346647549866841,0.6904960363405183,0.6449414307569502,0.6400450734179183,0.7185057902207171,0.6582984095436669,0.7472627355965733,0.8232903731312311,0.6315338270056936,0.8338721652323253,0.7700533188505043,0.8760958365970289,0.6125552953999183,0.8764439215967533,0.8113808140461604,0.6988140979054157,0.7667760314596436,0.9299889536177365,0.8853859093937589,0.5887405796865793,0.723049521873966,0.8438146023600273,1.0465007014524672,1.2816531904096655,0.9514131538450216,0.7950903848049568,0.7825353222450444,0.91873251117302,0.8161544426056745,0.8050191599077658,0.7859538586451463,0.7773065161428269,0.8532706064047784,1.1469013568380773,0.8529377964914939,0.8446457659116748,0.8687049871699453,0.9787938048153018,1.0995838188191371,1.4583051078906162,0.8251739328403951,0.8337603928581012,1.156929975659992,0.7505701324138929,0.7789390513604597,0.9556107521207967,0.6914709810499542,0.84205820484602,0.8021641064309484,0.7629940672915488,0.8606492096975902,0.6086998989806008,0.7989915299495572,1.0144139289958332,0.914163018932576
0.0,0.9307008996171513,0.748913486850098,0.7663698512677574,1.179478738745873,1.1409824894832419,0.8267229101071143,0.6717890173687312,0.6760623215868662,0.8610940281961541,1.17680023029626,1.1252756507942059,0.8772650627045346,0.7548691607765265,0.6308460102668343,1.0219284470503436,0.942481518421295,0.730867934789363,0.9246447352053907,0.9419021961472914,0.7345240627943617,0.8583358922385993,0.8390238957162836,0.9457389157865234,0.66455945059782,0.9644589929562631,0.8538436715570666,1.0956859973224984,1.009908981317682,0.6433117677108632,0.6753331255842971,0.8378444041048784,0.9857806294840179,0.7863508843106042,1.1091872942270784,0.7790926814999224,0.6967802237764759,0.7988860173406308,0.6629036403994694,0.8325368471817958,1.0011220847452922,0.8173620275337194,0.8259050000904011,1.0446874650756386,0.7839365037821537,0.9532964022906818,1.2870727949617566,0.8187915217624269,0.8730371687553339,1.120825293699895,0.6838557105047797,0.8864687473118767,1.1709424833102429,0.9563095110784501,0.781532705888471,0.9086320008883134,0.7737384824827828,0.5758785085726689,0.6680924310082436,0.9720393428882117,0.6624628037975047,0.9824473237196357,0.76460757001757,1.2972008916822444,0.7515155826167518,0.722920756501287,0.765354334913574,0.7744968620366081,0.7095287280863346,0.8459574851723118,0.9640668219679692,1.0885215101822314,0.9412685936791887,0.7525549901984557,0.7437204861239107,0.6871219187815689,0.7442216643240747,0.9417588695068412,0.9221829335209505
0.5,1.0132727607637453,1.0484166500430983,1.3287080579862287,1.5171080006734075,1.3274584667961573,0.9370174289238241,1.0854652303670722,0.9979193192624205,0.9867929256067696,0.956316699495317,0.8233055060093583,1.0445649771979741,1.048463913975897,1.2814359010319705,1.1164165679361506,0.9846991512141493,1.039285495914024,1.121934060300296,1.0711657330942996,0.9738415525087584,0.8348598876121318,1.1184163946422259,1.4832750311655583,1.099302001158554,1.3212834804050149,1.3355665139239548,1.1206839174659056,1.1414631853481703,1.0762970247022796,1.1138655446049794,1.2360061936946758,0.9864335907477861,0.9672621358465449,1.036355852953439,0.9689990945691055,0.8024105172083532,1.1108024446250715,1.175078118274601,1.039020686330022,1.1366952394739407,1.141735098834627,1.336918242467349,0.9555467416997492,0.8129637447951393,1.1573367848092895,0.9647382664134236,1.2324051504566245,1.1464323276943034,1.0036840143198709,1.3461653847844655,1.320286384087153,1.1202879343001715,0.8919220099887,1.2608357383466096,0.8324988779541346,0.8126986354244147,0.8718885228264526,0.9359844898477673,1.2632767991786507,1.3677435855400173,1.0859567953538023,0.7959210986626821,1.0522536387914458,1.0383275957624474,1.3529648137377321,1.416804887799398,0.8488366876618568,0.9072206725809475,0.9545267549414476,1.3356212594042864,0.8720142126174969,0.876441586515875,1.0661720984898022,0.9937356311343382,0.9947756920055828,1.274289507609747,1.039272457805574,0.9510913602833235,1.2386441309042868
0.0,0.7555984641483183,0.8166835532280518,0.677663098950114,0.7226934262230046,0.7227340634065934,0.8564049071257291,0.9638111095442721,1.0185299917066886,0.7772296987663612,0.6697386154860658,1.0051732414188939,0.9419891366751335,0.9702907245902533,0.9135627265692448,0.7959152791292619,0.883327091564133,1.0847426588626259,1.4745398303104742,0.8745567487240568,0.7358898274164677,0.8228848675483199,1.0029139091112755,1.0239484525542955,0.8991159257749961,0.8832629160795574,0.8615789315363269,0.7914052627499286,0.9853501432922933,0.8525318386997034,0.9530029027419378,0.7055385187730792,1.0414679871326098,0.8986539564598062,0.9485469792009468,1.0691860104562714,0.9618347197477951,0.865193757202559,1.1957685320961655,0.908463194140237,1.206557575024175,1.0288107218692044,0.7751306419937212,0.8953838486524794,0.7525364963860253,0.6432078397569402,0.8102791869730165,0.7490122973456015,1.2662721126850462,1.0880821768449345,1.4170136272191214,0.7330626200392522,0.85533883206878,1.0507650875560834,0.5864667223823701,0.8988222100540596,0.7604120412069795,0.7325302572553569,1.047389426577779,0.9823704959971267,1.2139986804917569,0.7846524091505638,0.8963797232828048,0.9230983083984927,0.7109312448738802,0.7857884544515505,1.0574785117415502,1.0333702550609059,0.8362609719684811,0.9378936770997972,0.8344471826508625,1.363294625682801,0.9711225403159521,0.8300365249810583,0.7081873569221651,0.7817747247016699,1.159434922337661,1.0430712297494704,0.7922594651305424,0.7120113812746451
0.5,0.8085830769732452,0.7146075285216867,0.805131369497306,1.1603501940792411,0.7971715656678328,1.0252183119514395,0.864834290577677,1.3799791080896566,1.2533964847662928,0.689731100865079,1.2658899013690643,1.0490944836730465,0.9974720686190442,1.188107890240087,1.220727601037539,1.2746646023538142,1.1421300606186446,1.1906871502764516,1.2775740494841334,1.2710579161608957,1.5339953929308197,1.3224280027443733,0.851160629514886,0.9098971648087928,1.2827929379731515,1.3624797613820028,1.147935354000414,1.085020282205709,1.325299646889294,1.1610543481173008,0.7207170593932084,1.0587607797433884,0.9477082028688021,1.3477796118942773,0.8085188132500938,1.026551025539877,1.0135608862837329,1.1494449442351378,1.2939998000023107,1.0253865012565864,1.406933184869871,1.0684148991795042,0.6272299258591278,0.9994954427983491,1.0814459873977227,1.3427361299772758,1.0361410836391391,1.5068174349422636,1.3168403990154247,1.186901412345603,1.0197822335671574,0.9207080124194664,1.367203018913044,1.2551592984558566,0.9266384562858723,1.4767721193915184,0.9788535208535194,0.9201209066346425,1.1130179281935884,1.1276770722526666,1.3157167845509696,1.2799664475257797,1.514976598311435,1.2442440319638677,0.9103506886789865,0.8054717298251518,1.4083294674822742,1.0640128717925659,1.5186193633683336,1.1140623890905272,0.9960548167992923,0.9718576579485593,1.1243052044272785,0.8905976694024273,0.7666409739125241,1.0542447090177856,0.9725891567614237,0.889659887370309
0.0,0.6798299114934618,0.8036207377495271,0.7985501606161671,0.6129787938681117,0.7714504691319731,0.9777798905743103,0.8556889170657423,0.951517683950225,0.897794409330813,0.8959127282431494,1.1461278701465591,0.9094957322257253,0.8476602684492375,0.74595730035032,0.6601180987547739,0.7977605158728545,0.6282816336231877,0.6931216406653654,0.8645613079908164,0.625753578534669,0.6528659638033372,0.7127735980673131,0.8248647997461563,0.8101190730677515,0.9985849761907183,0.9861681427210949,1.111113013113009,0.8448699445120909,0.7086208897363184,0.8977701199956306,1.252386067698492,1.4389154683587622,0.7683026844976354,1.0545870785258706,0.8138525373987764,1.1600649654987103,1.0743516919348095,1.030483520760476,0.878648750529554,1.09768948710734,0.6390890603967283,0.8071759553542575,0.8629331342151436,1.26396316063151,0.8012174279601089,0.833618098201551,0.961281056462139,0.8746228792258907,0.9090904271280894,0.8551317629961468,0.8952213327963771,0.7751785333618572,1.1766311307078328,0.803957906153502,0.7551582402586086,0.8297044149741238,0.9383368632010883,0.7292157512195038,1.1640485139761696,0.8031358069729474,1.1273558312170917,1.1973891482742138,0.8160446701734505,1.3693018705855196,1.1247715357873997,0.7299600555876948,0.8343748682650955,0.872052443586389,0.9497282015844792,1.0561321091460352,1.1179310741529604,1.1319732083680363,1.2551660656990065,0.9998713321402596,0.674816995034314,1.0813112583419249,1.0949022970209528,1.3695185132539267,0.8142197965270498,1.1229067140811764
0.5,1.224985530364533,1.0231357537960835,0.9179030964916999,1.274662180684423,0.8737801756550931,0.9486537374121697,0.85691625246313,0.9757037459455148,1.5129667495257755,1.5119842344753025,1.1840349522798734,1.2355026506214182,1.009771695507459,1.2147737499241056,1.016152764675425,1.0144072409614346,1.3165218882088714,1.1770197912747384,1.3007382455591927,1.1301457762717304,1.388547088072329,1.1302679539798137,0.7775091944936554,0.9265279547765158,1.028958715751535,0.7746437351267287,1.0495912705162413,0.9448426566260449,1.227355100029927,1.1993433021322217,1.0228607066479363,1.212219273290332,0.8094812281936437,0.8730470860113415,1.1113896334128242,1.2063204689104479,0.9058778336981564,1.4332058086615156,1.3453485156120017,1.4025685674423682,1.1080990573470437,1.3273391395947698,1.2849590391328478,1.0574769353122215,1.2350463939106218,1.0786643831540825,0.9223314498220364,1.143413847157874,1.0224131863932915,0.8512728498818951,1.0558325652514953,1.1792100274804858,0.9710535432976318,0.9427909661174508,0.8520569665571746,1.0355811864699664,0.8661933587647451,1.2107861824791917,1.3747244580996174,1.1031375780560695,0.9455331859410542,0.9181331534623594,1.2047952071120467,1.2796819737986755,0.9921035086080918,1.2689752892851978,0.9356263374290276,0.7566107150803757,1.3020705088956086,1.250885761206663,1.2377169013474083,1.0743198676120829,0.9657358158009471,0.9183597701029456,0.9013153842916878,0.7533719262006864,0.9639035204759453,1.1429376160822147,1.1225303109712894
0.5,1.2874446890485485,1.0595069712372729,0.96519273823447,0.9993045940313655,0.7567213910826757,0.8236222528235193,0.8880988521123032,0.995849520505978,0.8066020285945547,0.932898829679652,0.9299951759200672,1.0857041816100845,1.1602061665538896,1.2156381818679753,1.419487029229394,1.1647150675545221,1.1018878901222293,1.1801551692709875,1.1124693848596134,0.9593722578741058,1.198083883432457,1.0115529468774171,0.871993831413957,0.9380017295860903,0.736659829286044,1.1710816634547978,1.3810125461727143,1.0858825588846095,0.8640156326637544,1.4759826351175158,0.8941895928874429,1.0569458270961658,1.1586165685832936,0.829058698097988,0.8834967663068182,0.9634495747453722,0.988194847693542,1.0708617965615366,0.9505815929432996,0.7530962279937587,0.8201834054397767,0.8687970104724327,1.0016514006048192,0.8721422815333264,0.723774620853208,0.9144883991554396,1.0262079789670386,1.1796195900229463,1.0699105496051793,1.1387198214225704,0.9426195869540285,1.269381018528616,1.1160846782170135,0.9494235281967727,1.156191188876556,0.9207151929353263,1.0417291908266912,1.1239424126711288,1.5110430156517616,1.0917018203697657,0.7578772054670908,0.7964090457872421,0.824095304299133,1.009883385412468,1.1384512533388444,1.4122513473751213,1.1361177953267398,1.4069234639096004,1.3241846253871832,1.124863144100113,1.0655062296477935,1.1766770581278514,1.3585475114929655,1.1358936584754193,1.2079026736507021,1.2427177339585256,1.2368100610592776
0.0,1.3809679494813065,0.8109479465226572,0.6705080061131925,0.8798133896067422,0.725094337142773,1.0897303577037118,0.8611128765255474,1.2133424053875397,1.2101088246117477,1.1792083758485863,1.0477619096566861,0.6468548710518319,0.6534144405081648,0.9894480140148617,0.6319080601559183,0.6014705469334811,0.8564998263825012,0.8937388401660712,1.2005672745258076,1.029178408909913,0.8749580516535109,1.2156276991948327,0.9575038610073082,0.9116324203460466,0.8932918989196835,0.6863683949968302,1.146186671222657,0.7076673138427182,1.0224464440186014,0.850298925486569,0.9791619263270854,1.1598839616428256,1.041168782738593,1.2251857052237465,1.29958470252398,0.7633717592688367,1.2134065746671379,0.9304123620554217,0.9196102272793848,0.8756942195049743,0.7838830382002736,1.0217631408298575,0.8890468040313779,0.6963562484291265,0.9685233536867136,1.3232521337715533,0.9786799611611502,0.8004364453692464,0.690270824612137,0.8597542987757965,0.8916512467467632,0.6880443202524955,0.7595799157218862,0.7026476936956916,0.8712965468672308,0.8654111791078793,0.9911115278261661,1.04805966402743,0.8027106801858251,0.9161405014741685,0.7611533010040475,0.6718974524103475,0.6452366382556823,1.1304964751766338,1.0880042972444126,0.8186502404923941,0.7525884541925796,0.7646934081515304,0.9496465516685402,1.050489590529537,0.9174938402309902,0.8958596445985894,1.2106453130080683,1.076563881293275,0.928759426179166,0.8376034341886535
0.0,0.6863217926418037,1.0086517334593375,0.777649704913543,0.6606347289979094,0.933952099397902,1.1499532341102028,1.0989204020236172,0.8782183266283113,1.13912176655074,1.2707568399169864,0.9340083712464795,1.2449016025846869,1.155728359802895,0.8375294246987033,0.9166661221803621,1.0590129112475246,1.2150016180263168,1.4396856268218294,0.8205377726834725,0.9296085609347754,1.1230764157510988,0.8726403517429406,0.9382344984132358,0.922662862609028,1.043199101492674,0.863032537134085,0.8332156867114758,0.8830990818697961,0.8918082664571055,0.7495423786021363,1.07016934716837,0.9584900735389407,0.9061741431586918,0.7017143443918867,0.8088928575277493,0.8562176711114634,0.8650277817569625,0.9814945150300499,0.9925573199108391,1.212360374432197,0.5286526521617506,1.1580337657193878,0.9797256350543961,0.9404519631469779,0.8803693987622312,0.9223707880856848,0.7905638878357818,0.8137121110539339,0.8423809123189382,0.7343262557589969,0.8914855579719505,1.092631267814959,0.9441759370807646,0.7950430415777144,1.0361793071006122,0.9845969677597907,0.9284446333044709,0.759749896095874,1.0933691961081364,0.7567182056033483,0.697059521566041,1.040092859820186,0.6215233714500712,0.9996588781708062,0.7604636067664657,0.8674849499033727,0.9579162543119615,0.8422432887186477,0.9172402525589197,0.8198548432702206,0.7666060162188979,1.0194146427585793,0.6441015454641802,0.8107861047167085,0.9217293886363621,1.2240188386934323,0.9187879608334449,0.828359089741707,1.148793149961548,0.8024364199001391
0.5,1.1488019414594763,1.4507093425700393,0.8518714587870404,1.0884103207677396,0.999289350458884,1.0440581048759123,1.0577185775288285,1.0522504278240654,0.8993253123221708,1.4373892885887392,1.3506660141253883,0.7077222732777021,0.8175331306866549,0.6939117764721776,1.2224878674487967,1.1411851095033392,0.7219873149079971,1.0708655955915245,1.1116048274413333,1.4465055697059157,0.8957874499860106,0.9439254254859515,0.7686389478571383,1.1270269135193836,0.9961303589887659,0.9717349931351079,1.358691082940513,1.1245135393597456,1.1819173938548315,1.3298107251091875,1.28698409141343,0.8702429453489895,0.9924634988827585,1.1656500046160918,0.9791025552550137,1.2135056439867702,1.0890804347428058,1.1298256098318014,1.1660452377052208,0.9289282826920763,1.0209836612290193,1.0857345068200395,1.3645272663250334,0.9235910689587107,0.904171736857322,1.2176685620324186,1.2306723944363382,1.0018576049329118,1.0256574130412657,1.0415344249092253,0.9340769177462687,0.8485837950385067,1.4212525707748696,1.1058973946412813,0.7808033284654442,0.9627456958766557,0.9232863491197202,0.9989987420740609,1.3893127548766817,0.8300000657021411,0.7616419735802439,0.7290246202448154,0.8704663138899348,0.8095691230499966,1.3888753392504691,1.5131619081909653,0.9040193323250542,1.2782395702999003,1.213742349429249,0.8180502008210733,1.1672570540424954,0.8529277014926421,1.0465489408571023,1.2191004745581568,0.9353314437664635,1.3387015823954362,1.228243937680056
0.5,0.9931846413386952,1.11067053420123,1.1008990091695692,1.15108115716557,1.3323505058935474,0.7055350809256666,1.4197484294111393,1.3624422895260273,1.197302531598034,0.8807940127087027,1.2521848014347947,1.5761438397379883,0.8185401763820151,0.8985038601247862,1.1391090287155599,1.1819233266981726,0.9891660986103918,1.212663154825784,1.0300239441686596,1.0109258837288826,1.2696181408903768,0.8919702779850024,1.0242119526228417,1.0083097832422467,1.107255505277707,0.7429359852101513,0.8881422912326831,1.2481615167065407,1.056365245932278,1.2617358185782843,1.1863001847839432,1.4344327747883103,1.140703139048266,0.887747194452316,1.2338958378662774,1.0826916621792728,0.7964410298294584,1.004238353518027,1.302131159922588,1.5494338209324867,0.8482102933194441,0.8750368890551508,1.3406708467864075,1.1460295389035189,1.0999380450904628,0.9678961074823752,0.753216222521623,0.9981277884495438,0.9960923471300855,0.8122717824768534,0.8294502298048867,0.8746117277066483,0.7502239824822243,1.0259163457146787,1.0806232960296374,1.1419258846642113,1.1108495207942612,1.375310526855809,1.0407722964319501,1.1539866180797975,0.9606988956913434,1.0845753257170507,1.1937463047598045,1.362566787331286,0.72629631226614,1.1823819096165946,1.0503811773396652,1.0456173437025598,1.2929465945039096,1.3687801798160202,1.354186379590216,1.2190306653431586,0.7366242672989982,1.1980204681425348,1.5008080003402184,1.0928634753430853,1.1384470071480655,0.9545852509293347
0.0,1.4011092709217194,0.9492038905797727,0.6015048871679649,0.7102538633380078,1.0617661137446617,0.9455504098372814,0.780401783306647,1.0663574747973876,1.1286966014378634,0.7171245500474132,0.9295723124034427,0.678889092673886,0.6998830662920019,0.7007803125929953,1.3975842922714714,0.7674633954444653,0.7963329157555531,0.9624347938195673,1.1678959438289638,1.1705792744783359,1.0483772073547655,1.0246348236633784,0.8639077152150876,0.7180567352779657,0.8712973782000121,0.8203124233932098,0.8132356413708584,0.9146632307042408,0.7329021486988995,0.7235807788490964,0.7543157740462159,0.6486083931619487,0.7049229382590745,1.098704612827169,0.9454473902808812,1.0444447220386066,0.9728434062645662,1.1479033497738664,1.170204694276877,0.9470471555513462,0.7554484086784905,0.7836143161292541,0.7698860751529366,1.1620487585845733,0.9931925496317853,0.7733375242719388,0.6925355737585509,0.6784454502530874,0.9715082883137252,0.9348541411680582,1.282762203240016,0.68893704192222,0.8771903993210158,0.9136340751099411,0.9530643968841507,0.8669557026626618,0.6799634385034355,0.8230520056661278,0.584053527328968,0.7208532222614914,0.7297717822318864,0.9096463400601555,0.7837549602688495,0.736343222635084,1.1944932886360968,0.9154613925389841,0.9148384109357469,0.8169499340918728,0.8794887673460324,1.1082613260572665,0.8974213046479447,0.75323139456699,0.8126383075427955,0.8495246329688895,0.7985843891973337,0.6968210310275258,0.9597889538599892,1.0742565751201445,0.7053649177806955,1.1026260542550301
0.0,1.3485446783258839,0.743698438104343,1.0393343798981196,1.1285760361806398,0.6814387988056667,0.9633931182446467,0.9271730013708049,0.8073336235370945,0.8346714622165914,0.6997183876078414,0.9628454892727741,0.7730206921830118,0.7188372291700305,0.84991059115197,0.9987350611834337,1.1040387223583839,1.0244637185644285,1.2005589056292874,0.9969618383175358,1.0564946507561148,0.8778151328543061,0.8697356071936938,1.0527809280787348,1.0661421248278187,0.8888102569979072,1.0728471571678284,0.7840497924662764,0.8832652501997655,0.8534397231427963,1.0359983437948894,1.019019105209431,1.1613417570954363,0.8144009509843008,0.9875358985038499,0.9866604668863689,1.2305239562951429,1.098712558499111,0.5844834290470357,0.5985742424348315,1.1571329798140864,1.1704657719780507,0.8201151611179998,0.7845226561180398,1.1125614699283073,0.7824946671886487,0.873727065315173,1.0630674032082557,0.9984164851433666,0.9354554313166124,0.9763838088914926,0.831117591038541,0.7642501865579162,0.9664042977612373,0.6860433925771634,0.9151117820944739,0.9099597475229266,0.6933499935848748,1.1389503244144485,0.9843006557840982,1.0645223170525961,0.828060932843011,0.7193862085601859,0.6713837274565677,0.5944339797926185,0.8905319787257323,0.6749138056999747,0.8325187900332957,0.9871150476880709,0.838290582591661,0.8472680047622458,0.9072565443009927,1.4122660743719289,1.0749201180221266,0.669412396536074,0.5368643483561742,0.739606059723272,1.1154928621136684,0.7892998463235487,1.0248446521777672,0.8706828382867476
0.5,1.0078879866296222,1.0190843492948218,0.8484896865306576,0.891947461754634,1.3022828536551032,1.2538454528946819,0.9240943324775458,1.3860822038319074,0.8620967794672852,0.7872999335681526,0.9802751434835565,1.052929907384013,0.8877804938164647,0.7944072789160476,0.9202045928552007,0.8730571545014382,1.4205368154438534,1.0954372423944045,1.143619876118033,1.058124341599555,1.0755542500810573,0.8598904198934395,1.5638925147949265,1.0459275710945681,0.9983100305645567,0.7609933490184992,1.029764066829488,0.8756984785346421,1.3518120732188954,1.4066904396548028,1.2794912249080312,1.0755843963256357,1.0459878091271566,0.9323680094177375,1.1235863704848137,1.270648581266187,1.0975062949112742,1.2437728469941798,0.8994525855020449,0.8432335827509548,1.0510425482186214,1.1624747071251547,1.1365332591865893,0.8642771318462004,1.0189062052906357,1.1407295532561101,0.9586022538028328,0.8070592992074941,1.2446907795212834,0.9548561166108294,1.0133970921444042,0.9589513106149972,1.119035672173806,1.334626647060338,1.0773798989153043,1.244963423209062,1.2161537077881122,1.0150253010147985,0.8948396366593945,1.166761189697199,0.8833171357868358,1.035132781496413,1.0711314675520298,1.2080167444762628,1.0514921712892098,1.0868794670299797,1.038894719217742,1.3861333114765721,1.0421831924374245,1.0823436414030405,1.2935236226430709,1.587700675742363,0.8299241160713856,1.0470581497438964,1.0051642138007928,1.22709475165321,1.0548037707640912,1.2292466490263618,1.3625256317810157
0.0,0.9707326647150221,1.0792829649834952,0.8245703461035374,0.8422205638910732,0.8756046179791623,1.1188083064079652,1.0237083871308084,0.8094064541078789,1.0046917322352296,0.7277805551574423,0.746323589924334,0.8819063698189467,0.8349718517711602,1.0588554953163052,0.9049146403409754,1.2045075856874894,0.8515579294510109,0.8445124772159186,0.681816509101623,0.6781310666341893,0.8248880570237286,1.0658541247747928,0.9915207105898131,0.8807224842220566,0.8434018883272631,0.6638630372802686,0.6488593367631447,0.913820146553156,0.7619520616190895,0.8567078276938603,1.0025179329001537,1.0986910486725752,0.9147898743050694,1.026743250799323,1.0029018710787037,0.7295351292072556,0.8328779984207304,0.9197498024787706,0.9891921082261694,0.9318702376705376,0.8291631906377444,0.9977184285701398,0.9857992950057743,0.8923421499215969,0.8203121011876194,0.8797964452936973,0.8006279375536307,0.750647872238437,0.47392515637895943,1.2468543295705263,0.9421479665033243,0.9233185671997773,1.1854657359679337,0.9516718910636603,0.8562240231207245,0.9950122373104175,1.0103112414354827,1.111682527465086,1.3027011325259803,1.1123436855155895,1.0232490573697146,0.6238877754397187,0.4803506444397631,0.8000644344362309,0.8409297791312583,1.0571625780938894,1.0601318452222053,1.0480714281155752,1.0818860059027582,1.260280394959395,0.9862431679764708,0.7713970784603544,0.9114423190934804,0.7185242647452356,0.7138649992198413,0.8646995788350559,1.021110717256084,0.8751975406998255,1.114285241571915,1.4295138410708335
0.5,0.8160414319421516,0.9056528130880429,0.8661413134929947,0.7941594338947439,0.6471417118447402,0.9004704273889149,1.2675892106872368,0.9868912289867697,0.9411176801090344,1.0207239503487517,1.4805508204578548,1.0614925382289713,1.334703743795783,1.1411398511574475,1.047246554424309,1.0080692933562216,0.9095553926118443,0.8974137719004895,0.8198229748462805,1.2752163562875025,1.0512934223229753,0.7858253787718269,1.5385594557453648,1.0684016400533043,0.8382855790770415,1.2355822576214683,0.8068913136854526,1.5348764148867244,1.457512862676976,1.4056504903747933,1.0377631081928123,0.7933531666851721,1.0543166843974514,1.219042914439243,1.0705980970556461,1.0517880983440229,1.2737068384743917,1.1843167587370502,1.0750606966719962,1.018306739299281,1.1027191791694342,0.8740665475667319,0.9905450430511439,1.395940213006587,1.1936107595790701,1.374076331620986,0.9039300372596922,1.1349874911277218,1.2047009230589962,1.092753439343768,1.2717673538021976,1.6575553895208726,0.8019177113334169,0.8691902143450916,1.1074527125839733,1.5220843088749696,1.1367097244768496,1.0981819171020644,1.0400966436241732,0.7759824631371091,1.0936273310274292,1.47108280572221,0.9759737504305762,1.1563162866066863,0.8684419075873946,0.896699755105978,0.8668440755021249,1.07139874194105,1.1027349435418135,1.0329398208614502,0.8978465993511225,0.9399968005936911,1.082270501897917,0.6809720251948576,0.8063211000009807,0.8997134578906013,0.9696709774570597,0.9199815280021425,1.0325056776473243
0.5,1.2740730106180127,1.0120824415528717,1.290450703571736,1.484120207767851,1.0780821551145456,1.2397083983958188,1.1885488696237934,1.215720319824176,1.176595693218292,1.468114326494572,1.0891447641399499,0.8478605921704994,1.0528553597104724,1.397104324227404,1.1920410298461999,0.9829916471757197,1.1747059540184848,1.1966050440244873,1.3561665732037296,1.2769696275905493,0.9803755492604816,1.0936247611737289,0.8358277643262401,1.542784707397719,0.8038221472037244,1.0940000919998605,1.029370838802608,1.2280736465955304,0.8591526640877888,0.9769089367536202,1.2010824054418743,0.8679793361546876,1.3474583850077484,0.9153666921856024,1.0639045812820143,0.9403506147780272,1.1158785357350183,1.136675686582983,1.0592864303292497,0.9233739018881293,1.6162765251045101,1.2000491122569408,1.367198940687131,0.8671993899540172,0.9426712475410092,0.85233814374234,1.4506450790806447,1.2319492789617954,1.0235998411760443,0.8660828469402807,0.9430438078739216,0.9902020480520953,1.3796033328360728,1.0434686260967814,0.7667425932875819,0.9946264873363893,1.3190809157008432,1.0666704194422085,1.119072078888656,1.190523605520529,1.321846597540977,1.2398210474592555,1.3495741123818505,1.3738591025055968,0.9501289837731315,0.79759630038479,0.922997266045888,0.9018679718700229,0.9224009225465837,0.974012367943564,0.9879978951191484,1.5804279089176672,1.1792782467461231,0.9967979339005276,0.9318452175840991,1.1759485239014473,1.0663848413157297,0.7565495622975771,1.222265337661793,0.9705088023834517
0.0,1.2749783789875595,0.977598704533225,0.881396225844841,0.9189512923328613,0.8209451253877995,0.8293646835856401,1.1514128739949254,0.8990516355633048,0.6935246860639572,0.8626340802521557,0.6605062945198462,0.6529723535893625,0.7014211870118644,0.7166257153446242,0.6221375182134594,0.8677958077552902,0.867201731018332,0.848310697415302,0.9320565253586429,1.0577237424004096,1.1191967664017188,1.0103144477649082,0.8061015998001181,0.7902138166664442,0.944430490650198,1.0182393997713006,1.0180520521132144,0.9547253616607951,0.8878600372418046,1.2750252556880692,0.9947129004435058,1.043250120258752,1.1088279556509977,0.7918989734739361,0.9857695078001079,0.5539428288086414,0.7623709139953738,0.7973164903784247,0.7538901851150254,0.5921389406839441,0.9419716658639853,0.8151325559359396,0.9306256489171829,0.8575532958406933,0.746364788952232,0.6940501448619757,0.932895446566276,0.8826608763991216,1.0205231759068736,0.9744537123638705,0.8721569169649203,0.6923883356639216,0.9814559991151139,1.0135153601600275,0.6336330486790238,0.8585688209480008,0.8990189732692508,0.916735153520316,0.8515375627654268,1.323396198895443,0.9849433804462083,1.2910031303745426,0.9171716600166693,1.0118852834259708,0.7382294334701743,0.783148749300919,0.9332114580506391,0.8370581147974638,0.7692801773928315,0.6502157126194751,1.0310227194173394,0.9118466098713706,0.7033482926723518,0.9515346729963167,1.4227943914046974,0.809098726197117,1.0182273219681555,0.6173229182972534,0.744874906150446
0.0,0.9767028444321394,0.6391881594939084,0.9149309606970468,1.4294519263504208,1.0295187196922446,0.639174542556081,0.9697175891307953,0.8835802657349392,0.8303392560773885,0.9543320350734865,1.0139862980828742,1.201007691839072,1.0920499141504778,1.0742675256676903,1.1564233737187717,0.8449652491066978,0.9120407283589674,0.9939879932928096,0.7650902572655859,1.1481374854237938,0.8962165983617952,1.2118930523786156,0.9188804860165175,0.8903427053584465,1.0357937594737106,1.0765160895937722,0.6587703303953871,0.8779793050344274,1.1467785048777495,0.8433233240155416,0.6743620323218034,0.8586083156595956,0.9049714063822026,0.6666905797468984,0.9515190521622915,1.0831489203381937,0.9571490345054798,0.8709072982068117,0.9811490974501549,0.9341322951133293,0.797994023822489,0.5032749398885976,0.7794516102083171,0.7492036256794634,0.8543355751626592,0.9080487138402416,0.8634220259689159,1.2449766821399348,1.031456285731439,0.8301378653095185,0.7771681444257151,0.7567488189647387,0.8378115156093644,1.1350854328178839,0.8704453213931045,0.6680680367370934,0.9868747166589245,1.0381081093792839,1.055445358550645,1.0612984569224315,1.1164514804932069,0.8548208840547513,1.1436554047248386,0.8287206903975017,0.6958072508731403,0.7624228130924346,0.7552220376083607,0.9323466741406601,1.5948526460371715,1.0452026899728486,1.249685619961675,1.427437706393995,1.0834879821153738,0.7305190651773432,0.7127396388583526,0.6670321000705599,0.822304405904884,0.9045674706177116,0.9940732461421014,0.9154957865973327
0.5,0.9419275377284125,0.8187482267680564,0.8034831294980127,1.018447394114053,0.8296254549652191,0.9026405714731525,1.1304606884080113,1.165321064889621,1.0305455003900585,0.6967733698462704,1.0404440979678333,1.4366378593175944,1.4401148426592425,2.2310142012111105,1.0255239268636207,1.0327842714999205,0.9152784421284236,1.2060433248755245,1.0953993108306654,0.8179084191181355,0.9414607105926603,1.1423724980752181,1.0548592624645992,1.379350283751434,1.3279247786652286,1.1734879242505527,1.2601050465729,1.208806564535637,1.0700792566255568,1.4059089449781732,1.3465233356089565,1.1611625743887313,0.7972496700105696,1.2208182388077948,1.0036475609118984,1.1379763211303269,1.1855153001800043,0.9108420008370647,0.8815326089722209,0.910134534276294,0.8809531648152561,1.0859952626239784,1.0312227998963235,0.9762252659436187,1.0891879639401014,1.2271282531483438,0.9313406095565512,0.789509009478708,0.8728949951058695,1.3264146628965492,1.0129106781500399,0.8318641970921732,1.1036375327605676,1.074511552909379,1.054601990901816,1.3848513576571009,1.0631908464109547,1.1002731748829828,1.0056460345917575,0.8193264593008159,1.0052581335714956,1.483869978023425,1.1359795917850724,0.9310007219696776,0.8748293846433796,1.104468062461511,1.1306549655124376,0.8237163290792626,0.8580532649925472,0.8533717783517486,0.9770574734168338,1.210295036535719,0.8786554129625553,1.1796833331387542,0.9073106490912985,1.389135294294875,1.1312809858390886,1.063798614649374,0.9411534033670891,0.8903513680636606
0.0,1.0254573199074817,0.7464738517179219,0.7207876326014373,0.9289364396956019,0.8762913672821384,0.8854748669749487,0.7770420650911259,1.1779446831286513,0.8166488927921164,1.3378477334327186,1.1552078522197433,0.7420165312904045,0.7833597214057554,0.7723905954105155,0.8129339641245722,0.7806067189286239,0.712387381087355,1.0433773538281181,1.157287656108417,1.0356702252008105,0.7658866873625014,0.9767104813124972,1.1632947429770457,1.0995372633746445,0.804162086938254,0.8662801325666889,1.018617795920586,1.0992225675583762,0.8988899816396946,0.8463928133932709,0.9164978332812815,0.983257581480502,1.0021259856670635,1.3126242466562583,0.9174818379364541,0.8087797678234939,1.0187008002996705,1.0379348716854322,0.9619110977175969,0.9852672843552832,0.8914159636511636,0.9359362384492834,0.866513199445803,1.2371018565341527,0.9617168803913315,0.6726701981216299,0.8460004310771877,0.6779653133681504,0.9939048476097957,0.8743312627904972,1.2787508974920194,1.3842660737576604,0.967551426272405,0.7286392078875379,0.7894025063590281,1.4861075925074245,0.8486890672646143,1.0185501226142062,0.740649490699409,0.7382704553776489,0.8822737166162419,0.9643260145558039,0.8917384527557164,0.8440178642408229,1.1225613516821902,0.9527611625974549,0.8436838961351253,0.9469565883619266,0.8748885940631399,1.2548568942680216,0.9734647008020672,0.9437689796528572,0.7878335223231944,1.1321854593036276,0.8698803404857393,1.237965209299756,0.7846948340015928,1.1210348049825112,1.0401362980757745,1.0298226846798106
0.0,1.0359305676036965,0.8244819933485842,0.5745989585195117,0.9954572651564069,0.7104227199570362,1.0990195955643214,1.536291923217426,0.7432748672846827,0.8928485172663283,1.0904485000854451,0.7248025273682012,0.7162879717747619,0.7634660925700516,0.9248798500106175,1.018574671737116,0.8571767472186572,0.7982314835458314,0.8138757554586084,0.901442154706693,0.9445603373696262,1.1165517709849107,0.7767363194721872,0.8244051725327631,0.8893442908538017,0.6543206828228519,0.4819039309497935,0.7235450421315216,0.7139206905555749,1.0127625740841377,0.986253962010544,0.8334595106298721,0.9191979151968606,0.8972312557540955,0.848599097873315,0.8419859089178262,1.0397590266601604,1.004075340714577,0.8590664555317366,0.7913666028288958,0.7696640245124623,0.7082856211400534,0.9855931383740305,1.0711645008090944,0.8404692938221779,0.7314573708874729,0.9815164839165924,0.993377858130132,0.9212622876379398,0.8991870750683878,1.126819422235395,0.7622336824782485,1.0077675659617034,0.8737303160884006,0.8643360373514182,0.7941124576053117,1.0893346532200123,0.7111175334058003,1.0788134638366165,1.3316218258287862,1.1321401367626132,0.7155944732053018,0.7419286133587252,0.7873124471663006,1.0028921303454588,0.9255108799137944,1.2439090327719409,0.8397379559286284,1.0539490604919897,1.0557364719440934,0.6648823512148282,0.7912067485324311,1.1455164672874423,1.1813111621715593,0.8931446037089662,1.0642583196430795,1.0708038595139129,0.7166337500386396,0.826996796688078,0.8604317588263107,0.7467066384557888
0.5,1.0746728335693299,0.7063672428291122,0.8216064096781439,1.1283049557802494,1.16311951312455,0.9815824861066085,1.1785947702951525,1.4236195796038096,1.4438984006417315,1.2803611279818823,0.8619838168182002,1.2124557608038993,0.5871071624331178,1.12619066857653,1.1663565607597604,0.8036373177309294,1.334070718135212,1.2467689977560674,1.2529646705828308,1.2866467873029457,1.122297094261762,1.4929951572245506,0.9412129716658091,1.167792409213967,1.3867112436889226,0.99843386376822,0.8162660864552944,1.181287988723094,1.1086059484488398,1.079626543131833,1.26559187183455,1.2808240676236515,0.9785889463770632,1.005131204593986,0.8400100114253851,0.8837797884788308,0.9900104359910841,0.9082132293932123,1.0916380731732676,1.031835252620034,0.9901728561986797,1.111918420125926,0.9019830260476804,1.281619475585702,1.3531791309956127,1.1269522629279278,0.9747023346205022,0.9796961512338808,1.0215252204612955,1.067212792727498,1.0027266318779522,0.6824747967539874,1.1232290215252683,1.4306483606286322,0.9819566131017757,1.0587310446724754,1.1383065619509205,1.045552535251602,1.0051712689651306,1.1476244294214133,1.62037391525799,0.9348338024007167,0.843456117949364,0.8889686348815169,1.0790207619290515,1.4023422518476871,1.384423459878206,1.1558571670170554,0.7983425460693644,1.1201281940990213,1.2820515508246078,1.1122457606912666,1.4127924043916535,1.0186860127589252,0.8023230628336041,1.1259219057694567,1.2691441898106859,0.9683798246386313,1.2523010655887856,0.825723786321089
0.5,0.8241922727739067,1.0696718735374546,1.3436405035013228,1.2019522729547534,0.8893199289579895,1.2369699840067585,0.9790990000486005,1.1843992929558467,1.190315925891896,0.8738068683251237,1.0017039509343213,1.0981027957109983,0.9387053089551223,1.1909820278274166,0.9019855593403183,0.8936741128528496,1.1464823593399902,1.3259490371777656,0.9230067403368282,1.4355154798832317,0.8677146196845943,1.1544908587947287,1.6845467204335425,1.0944648426559835,0.9884962597302073,0.7889249941605614,0.6620731038595535,0.929888540156553,1.070045300016327,0.6683948592323863,1.3140421772765007,0.9294052492257373,1.246293413992969,1.0110367232502417,1.1642828686137088,1.055468750452547,1.3211512149861036,1.0925637266179749,1.0579071272680076,0.8776539692101278,0.8168818407579173,0.8110547422115614,1.078114104263202,1.2704567198738401,1.525595230995995,1.1139875262272163,1.2729245509902647,1.347681304869315,1.3051160573078402,1.2096338550615955,1.5399173806145778,1.1949557209458816,1.3974123560776923,1.0819083730592232,0.7264984049806879,0.683582679349958,1.339317155147074,1.390767968256973,1.4590767767845971,0.9909916688295629,1.293390600157895,0.9292530296252044,0.8660867260020764,1.0323269435535005,0.918788767920921,1.3574839265256722,0.9302898704788535,1.127517280229206,0.773732769825441,1.1589152777030776,0.7903528868566599,0.9943618738258616,0.756232494064685,1.0613232384796398,1.0334053112805721,1.3775352425421845,1.2083839124906193,0.9436799157709908,0.7609478859680578,0.7374602978792553
